iter	RMSE
0	193.0662553
1	188.2680517
2	183.3370718
3	178.7809777
4	174.3159542
5	169.9841125
6	165.9226593
7	161.7283374
8	157.9517011
9	154.1005073
